{
     "dot-1-2": {
                   "dict-2": {
                                "eos": {
                                          "char": -0.77174675
                                       }
                             },
                   "dict-1": {
                                "eos": {
                                          "char": 0.7717466
                                       }
                             }
                },
     "dot-2-2": {
                   "dict-2": {
                                "accum-1-2": {
                                                "dict": 0.6190028
                                             }
                             },
                   "dict-1": {
                                "accum-1-1": {
                                                "dict": -0.17295434
                                             },
                                    "input": {
                                                "char": -0.43925077
                                             }
                             }
                },
    "norm-2-2": {
                   "dict": {
                              "accum-1-1": {
                                              "dict": -0.99523294
                                           }
                           }
                },
      "output": {
                   "dict-2": {
                                "dot-5-1": {
                                              "dot": -0.7499178
                                           }
                             },
                   "dict-1": {
                                 "dot-1-2": {
                                               "dot": 0.7717433
                                            },
                                 "const_1": {
                                               "const_1": -0.033949237
                                            },
                                "norm-4-1": {
                                               "norm": 0.9251042
                                            }
                             }
                },
   "accum-1-1": {
                   "dict-2": {
                                "input": {
                                            "char": 2.367397
                                         }
                             }
                },
     "dot-5-1": {
                   "dict-2": {
                                "dot-2-2": {
                                              "dot": 0.6139306
                                           }
                             },
                   "dict-1": {
                                "norm-2-2": {
                                               "norm": -0.5953127
                                            }
                             }
                },
    "norm-4-1": {
                   "dict": {
                              "norm-2-2": {
                                             "norm": -0.4578667
                                          },
                               "const_1": {
                                             "const_1": 0.54176706
                                          }
                           }
                },
   "accum-1-2": {
                   "dict-2": {
                                "eos": {
                                          "char": -0.016524186
                                       }
                             }
                }
}