{
      "norm-2-1": {
                     "dict": {
                                "accum-1-2": {
                                                "dict": 0.55770755
                                             },
                                    "input": {
                                                "char": -0.6873141
                                             }
                             }
                  },
       "dot-2-2": {
                     "dict-2": {
                                  "eos": {
                                            "char": -1.1286643
                                         }
                               },
                     "dict-1": {
                                  "accum-1-2": {
                                                  "dict": -0.50288224
                                               },
                                      "input": {
                                                  "char": -0.6655991
                                               }
                               }
                  },
        "output": {
                     "dict-2": {
                                  "compare-5-1": {
                                                    "true": 0.76428396
                                                 },
                                      "dot-5-1": {
                                                    "dot": -0.06372094
                                                 },
                                  "compare-5-2": {
                                                    "false": 0.40498355
                                                 }
                               },
                     "dict-1": {
                                  "compare-3-1": {
                                                    "false": -1.0470009
                                                 },
                                  "compare-4-2": {
                                                    "false": 0.9471129
                                                 }
                               }
                  },
   "compare-5-1": {
                     "dict-2": {
                                  "dot-2-2": {
                                                "dot": -0.72441006
                                             }
                               },
                     "dict-1": {
                                  "dot-2-2": {
                                                "dot": 0.7146256
                                             }
                               }
                  },
   "compare-4-2": {
                     "dict-2": {
                                  "norm-2-1": {
                                                 "norm": 0.49146524
                                              }
                               },
                     "dict-1": {
                                  "norm-2-1": {
                                                 "norm": -0.48548314
                                              }
                               }
                  },
       "dot-2-1": {
                     "dict-2": {
                                  "eos": {
                                            "char": -0.07470791
                                         }
                               },
                     "dict-1": {
                                  "eos": {
                                            "char": 0.14889212
                                         }
                               }
                  },
   "compare-3-1": {
                     "dict-2": {
                                     "norm-2-1": {
                                                    "norm": -0.18291262
                                                 },
                                  "compare-1-2": {
                                                    "false": 0.49092528
                                                 }
                               },
                     "dict-1": {
                                     "norm-2-1": {
                                                    "norm": 0.19000438
                                                 },
                                  "compare-1-2": {
                                                    "false": -0.48182583
                                                 }
                               }
                  },
   "compare-5-2": {
                     "dict-2": {
                                  "dot-2-2": {
                                                "dot": 0.24707274
                                             }
                               },
                     "dict-1": {
                                  "dot-2-2": {
                                                "dot": -0.24925968
                                             }
                               }
                  },
      "norm-3-2": {
                     "dict": {
                                "accum-1-2": {
                                                "dict": 0.09291907
                                             }
                             }
                  },
   "compare-1-2": {
                     "dict-2": {
                                  "const_1": {
                                                "const_1": 0.4785005
                                             }
                               },
                     "dict-1": {
                                  "const_1": {
                                                "const_1": -0.48784393
                                             }
                               }
                  },
       "dot-3-2": {
                     "dict-1": {
                                  "dot-2-1": {
                                                "dot": 0.2130961
                                             }
                               }
                  },
     "accum-1-2": {
                     "dict-2": {
                                  "input": {
                                              "char": 1.3542045
                                           }
                               }
                  }
}